1,faces/asa/1.png
2,faces/jake/1.png
2,faces/jake/17.png
2,faces/jake/18.png
2,faces/jake/23.png
2,faces/jake/14.png
2,faces/jake/34.png
2,faces/jake/11.png
2,faces/jake/10.png
2,faces/jake/28.png
2,faces/jake/9.png
2,faces/jake/36.png
2,faces/jake/20.png
2,faces/jake/24.png
2,faces/jake/13.png
2,faces/jake/26.png
2,faces/jake/12.png
2,faces/jake/4.png
2,faces/jake/6.png
2,faces/jake/31.png
2,faces/jake/27.png
2,faces/jake/2.png
2,faces/jake/35.png
2,faces/jake/3.png
2,faces/jake/15.png
2,faces/jake/32.png
2,faces/jake/8.png
2,faces/jake/7.png
2,faces/jake/21.png
2,faces/jake/22.png
2,faces/jake/16.png
2,faces/jake/19.png
2,faces/jake/5.png
2,faces/jake/29.png
2,faces/jake/33.png
2,faces/jake/30.png
2,faces/jake/25.png
3,faces/unknown 9338535/9338535.16.png
3,faces/unknown 9338535/9338535.20.png
3,faces/unknown 9338535/9338535.11.png
3,faces/unknown 9338535/9338535.3.png
3,faces/unknown 9338535/9338535.4.png
3,faces/unknown 9338535/9338535.12.png
3,faces/unknown 9338535/9338535.15.png
3,faces/unknown 9338535/9338535.14.png
3,faces/unknown 9338535/9338535.18.png
3,faces/unknown 9338535/9338535.7.png
3,faces/unknown 9338535/9338535.17.png
3,faces/unknown 9338535/9338535.13.png
3,faces/unknown 9338535/9338535.1.png
3,faces/unknown 9338535/9338535.10.png
3,faces/unknown 9338535/9338535.19.png
3,faces/unknown 9338535/9338535.9.png
3,faces/unknown 9338535/9338535.5.png
3,faces/unknown 9338535/9338535.2.png
3,faces/unknown 9338535/9338535.8.png
3,faces/unknown 9338535/9338535.6.png
4,faces/chris/9.png
4,faces/chris/8.png
4,faces/chris/29.png
4,faces/chris/12.png
4,faces/chris/28.png
4,faces/chris/1.png
4,faces/chris/26.png
4,faces/chris/25.png
4,faces/chris/17.png
4,faces/chris/19.png
4,faces/chris/3.png
4,faces/chris/11.png
4,faces/chris/21.png
4,faces/chris/5.png
4,faces/chris/15.png
5,faces/unknown 9338543/9338543.9.png
5,faces/unknown 9338543/9338543.15.png
5,faces/unknown 9338543/9338543.20.png
5,faces/unknown 9338543/9338543.4.png
5,faces/unknown 9338543/9338543.11.png
5,faces/unknown 9338543/9338543.16.png
5,faces/unknown 9338543/9338543.19.png
5,faces/unknown 9338543/9338543.14.png
5,faces/unknown 9338543/9338543.10.png
5,faces/unknown 9338543/9338543.8.png
5,faces/unknown 9338543/9338543.5.png
5,faces/unknown 9338543/9338543.3.png
5,faces/unknown 9338543/9338543.6.png
5,faces/unknown 9338543/9338543.17.png
5,faces/unknown 9338543/9338543.18.png
5,faces/unknown 9338543/9338543.13.png
5,faces/unknown 9338543/9338543.7.png
5,faces/unknown 9338543/9338543.1.png
5,faces/unknown 9338543/9338543.2.png
5,faces/unknown 9338543/9338543.12.png
6,faces/mj/6.png
6,faces/mj/5.png
6,faces/mj/7.png
6,faces/mj/4.png
6,faces/mj/3.png
6,faces/mj/2.png
6,faces/mj/1.png
7,faces/unknown 9332898/9332898.4.png
7,faces/unknown 9332898/9332898.14.png
7,faces/unknown 9332898/9332898.6.png
7,faces/unknown 9332898/9332898.15.png
7,faces/unknown 9332898/9332898.18.png
7,faces/unknown 9332898/9332898.16.png
7,faces/unknown 9332898/9332898.3.png
7,faces/unknown 9332898/9332898.10.png
7,faces/unknown 9332898/9332898.20.png
7,faces/unknown 9332898/9332898.5.png
7,faces/unknown 9332898/9332898.9.png
7,faces/unknown 9332898/9332898.19.png
7,faces/unknown 9332898/9332898.11.png
7,faces/unknown 9332898/9332898.17.png
7,faces/unknown 9332898/9332898.2.png
7,faces/unknown 9332898/9332898.13.png
7,faces/unknown 9332898/9332898.12.png
7,faces/unknown 9332898/9332898.1.png
7,faces/unknown 9332898/9332898.7.png
7,faces/unknown 9332898/9332898.8.png
8,faces/unknown 9338519/9338519.5.png
8,faces/unknown 9338519/9338519.6.png
8,faces/unknown 9338519/9338519.20.png
8,faces/unknown 9338519/9338519.2.png
8,faces/unknown 9338519/9338519.4.png
8,faces/unknown 9338519/9338519.11.png
8,faces/unknown 9338519/9338519.18.png
8,faces/unknown 9338519/9338519.17.png
8,faces/unknown 9338519/9338519.3.png
8,faces/unknown 9338519/9338519.12.png
8,faces/unknown 9338519/9338519.19.png
8,faces/unknown 9338519/9338519.15.png
8,faces/unknown 9338519/9338519.14.png
8,faces/unknown 9338519/9338519.1.png
8,faces/unknown 9338519/9338519.8.png
8,faces/unknown 9338519/9338519.16.png
8,faces/unknown 9338519/9338519.7.png
8,faces/unknown 9338519/9338519.10.png
8,faces/unknown 9338519/9338519.9.png
8,faces/unknown 9338519/9338519.13.png
9,faces/unknown 9338489/9338489.5.png
9,faces/unknown 9338489/9338489.20.png
9,faces/unknown 9338489/9338489.18.png
9,faces/unknown 9338489/9338489.11.png
9,faces/unknown 9338489/9338489.10.png
9,faces/unknown 9338489/9338489.9.png
9,faces/unknown 9338489/9338489.17.png
9,faces/unknown 9338489/9338489.15.png
9,faces/unknown 9338489/9338489.19.png
9,faces/unknown 9338489/9338489.12.png
9,faces/unknown 9338489/9338489.4.png
9,faces/unknown 9338489/9338489.6.png
9,faces/unknown 9338489/9338489.2.png
9,faces/unknown 9338489/9338489.1.png
9,faces/unknown 9338489/9338489.7.png
9,faces/unknown 9338489/9338489.3.png
9,faces/unknown 9338489/9338489.8.png
9,faces/unknown 9338489/9338489.14.png
9,faces/unknown 9338489/9338489.16.png
9,faces/unknown 9338489/9338489.13.png
10,faces/unknown 9338497/9338497.16.png
10,faces/unknown 9338497/9338497.18.png
10,faces/unknown 9338497/9338497.14.png
10,faces/unknown 9338497/9338497.2.png
10,faces/unknown 9338497/9338497.3.png
10,faces/unknown 9338497/9338497.6.png
10,faces/unknown 9338497/9338497.1.png
10,faces/unknown 9338497/9338497.8.png
10,faces/unknown 9338497/9338497.15.png
10,faces/unknown 9338497/9338497.4.png
10,faces/unknown 9338497/9338497.9.png
10,faces/unknown 9338497/9338497.5.png
10,faces/unknown 9338497/9338497.17.png
10,faces/unknown 9338497/9338497.7.png
10,faces/unknown 9338497/9338497.19.png
10,faces/unknown 9338497/9338497.11.png
10,faces/unknown 9338497/9338497.10.png
10,faces/unknown 9338497/9338497.20.png
10,faces/unknown 9338497/9338497.12.png
10,faces/unknown 9338497/9338497.13.png
11,faces/unknown 9326871/9326871.4.png
11,faces/unknown 9326871/9326871.19.png
11,faces/unknown 9326871/9326871.7.png
11,faces/unknown 9326871/9326871.18.png
11,faces/unknown 9326871/9326871.11.png
11,faces/unknown 9326871/9326871.13.png
11,faces/unknown 9326871/9326871.6.png
11,faces/unknown 9326871/9326871.17.png
11,faces/unknown 9326871/9326871.10.png
11,faces/unknown 9326871/9326871.15.png
11,faces/unknown 9326871/9326871.9.png
11,faces/unknown 9326871/9326871.3.png
11,faces/unknown 9326871/9326871.20.png
11,faces/unknown 9326871/9326871.2.png
11,faces/unknown 9326871/9326871.5.png
11,faces/unknown 9326871/9326871.12.png
11,faces/unknown 9326871/9326871.14.png
11,faces/unknown 9326871/9326871.1.png
11,faces/unknown 9326871/9326871.16.png
11,faces/unknown 9326871/9326871.8.png
12,faces/Asa/6.png
12,faces/Asa/5.png
12,faces/Asa/3.png
12,faces/Asa/7.png
12,faces/Asa/4.png
12,faces/Asa/1.png
12,faces/Asa/2.png
12,faces/Asa/8.png
13,faces/unknown 9338446/9338446.15.png
13,faces/unknown 9338446/9338446.2.png
13,faces/unknown 9338446/9338446.3.png
13,faces/unknown 9338446/9338446.13.png
13,faces/unknown 9338446/9338446.14.png
13,faces/unknown 9338446/9338446.20.png
13,faces/unknown 9338446/9338446.19.png
13,faces/unknown 9338446/9338446.17.png
13,faces/unknown 9338446/9338446.4.png
13,faces/unknown 9338446/9338446.7.png
13,faces/unknown 9338446/9338446.9.png
13,faces/unknown 9338446/9338446.8.png
13,faces/unknown 9338446/9338446.1.png
13,faces/unknown 9338446/9338446.11.png
13,faces/unknown 9338446/9338446.5.png
13,faces/unknown 9338446/9338446.16.png
13,faces/unknown 9338446/9338446.18.png
13,faces/unknown 9338446/9338446.6.png
13,faces/unknown 9338446/9338446.10.png
13,faces/unknown 9338446/9338446.12.png
14,faces/unknown 9338454/9338454.19.png
14,faces/unknown 9338454/9338454.7.png
14,faces/unknown 9338454/9338454.20.png
14,faces/unknown 9338454/9338454.2.png
14,faces/unknown 9338454/9338454.10.png
14,faces/unknown 9338454/9338454.5.png
14,faces/unknown 9338454/9338454.11.png
14,faces/unknown 9338454/9338454.16.png
14,faces/unknown 9338454/9338454.3.png
14,faces/unknown 9338454/9338454.15.png
14,faces/unknown 9338454/9338454.18.png
14,faces/unknown 9338454/9338454.13.png
14,faces/unknown 9338454/9338454.4.png
14,faces/unknown 9338454/9338454.8.png
14,faces/unknown 9338454/9338454.1.png
14,faces/unknown 9338454/9338454.6.png
14,faces/unknown 9338454/9338454.12.png
14,faces/unknown 9338454/9338454.9.png
14,faces/unknown 9338454/9338454.17.png
14,faces/unknown 9338454/9338454.14.png
15,faces/unknown 9338527/9338527.19.png
15,faces/unknown 9338527/9338527.20.png
15,faces/unknown 9338527/9338527.2.png
15,faces/unknown 9338527/9338527.8.png
15,faces/unknown 9338527/9338527.7.png
15,faces/unknown 9338527/9338527.11.png
15,faces/unknown 9338527/9338527.15.png
15,faces/unknown 9338527/9338527.5.png
15,faces/unknown 9338527/9338527.1.png
15,faces/unknown 9338527/9338527.6.png
15,faces/unknown 9338527/9338527.3.png
15,faces/unknown 9338527/9338527.10.png
15,faces/unknown 9338527/9338527.17.png
15,faces/unknown 9338527/9338527.18.png
15,faces/unknown 9338527/9338527.12.png
15,faces/unknown 9338527/9338527.13.png
15,faces/unknown 9338527/9338527.4.png
15,faces/unknown 9338527/9338527.14.png
15,faces/unknown 9338527/9338527.16.png
15,faces/unknown 9338527/9338527.9.png
16,faces/unknown 9338462/9338462.14.png
16,faces/unknown 9338462/9338462.6.png
16,faces/unknown 9338462/9338462.15.png
16,faces/unknown 9338462/9338462.12.png
16,faces/unknown 9338462/9338462.9.png
16,faces/unknown 9338462/9338462.17.png
16,faces/unknown 9338462/9338462.7.png
16,faces/unknown 9338462/9338462.2.png
16,faces/unknown 9338462/9338462.8.png
16,faces/unknown 9338462/9338462.19.png
16,faces/unknown 9338462/9338462.10.png
16,faces/unknown 9338462/9338462.18.png
16,faces/unknown 9338462/9338462.1.png
16,faces/unknown 9338462/9338462.16.png
16,faces/unknown 9338462/9338462.4.png
16,faces/unknown 9338462/9338462.3.png
16,faces/unknown 9338462/9338462.5.png
16,faces/unknown 9338462/9338462.13.png
16,faces/unknown 9338462/9338462.20.png
16,faces/unknown 9338462/9338462.11.png
17,faces/unknown 9336923/9336923.10.png
17,faces/unknown 9336923/9336923.4.png
17,faces/unknown 9336923/9336923.16.png
17,faces/unknown 9336923/9336923.13.png
17,faces/unknown 9336923/9336923.12.png
17,faces/unknown 9336923/9336923.9.png
17,faces/unknown 9336923/9336923.15.png
17,faces/unknown 9336923/9336923.2.png
17,faces/unknown 9336923/9336923.5.png
17,faces/unknown 9336923/9336923.11.png
17,faces/unknown 9336923/9336923.18.png
17,faces/unknown 9336923/9336923.8.png
17,faces/unknown 9336923/9336923.19.png
17,faces/unknown 9336923/9336923.17.png
17,faces/unknown 9336923/9336923.20.png
17,faces/unknown 9336923/9336923.6.png
17,faces/unknown 9336923/9336923.7.png
17,faces/unknown 9336923/9336923.14.png
17,faces/unknown 9336923/9336923.3.png
17,faces/unknown 9336923/9336923.1.png
